Timestamp,Date,Measure,Brale,Mountain Protocol,Angle,Circle,Tether Holdings,Paxos,Verified USD,Fathom,GMO Trust,Membrane Finance,Societe Generale,Stasis,Gemini,Binance,MakerDAO,Aave,Frax Finance,VNX,First Digital Labs,USDD Protocol,BiLira,AUDC Pty Ltd,Stablecorp Digital Currencies Inc. ,ECDD Company Ltd.,Liquity Protocol,Xfers Pte Ltd,Synthentix Protocol Governed by Synthetix DAO,Beanstalk Protocol Governed by Beanstalk DAO,Blackfridge SC Limited,Transfero,Lugh,PT Rupiah Token Indonesia ,Forte Tech Solutions,Near Bridge,Anchored Coins,Arbitrum L1 Custom Gateway,Optimism Bridge,Wormhole Bridge,LayerZero Aptos Bridge
1701734400000,2023-12-05,Total Asset Value (Dollar),914260.97,15480912.66,19714776.48,29284567017.25,92231758645.84,2197254310.00,7745607.40,,32994542.11,1224123.89,11379165.00,134519004.79,98478597.47,4390996715.66,3678103766.85,34816812.16,669655735.51,54420.01,1069142971.76,725332011.68,17091116.01,35710.39,109709.76,185428.37,192317167.60,14935618.97,48893887.92,38459320.60,1748415.39,2831295.25,5429.49,3380681.25,,34050342.10,4881661.79,1745331350.32,431666260.51,17742220.89,20422032.55
1701820800000,2023-12-06,Total Asset Value (Dollar),914260.97,15482776.99,19635097.30,29292194684.27,92229990636.33,2178568237.66,7757832.83,,33005247.30,1219176.48,11333175.00,133975333.18,97723074.24,4390996715.66,3673302774.51,34802663.17,669655735.51,54264.29,1068142383.76,725332011.68,25736625.73,35374.69,109288.82,184678.94,191800898.01,14898902.70,49071855.85,38460351.10,1742980.24,2840275.11,5407.54,3380230.36,,34035415.32,13496732.08,1762220378.41,437502605.80,17694062.22,20429833.24
1701907200000,2023-12-07,Total Asset Value (Dollar),814260.97,15484641.32,19480413.54,29376260438.15,92228906253.19,2136399142.71,7766967.74,,33006083.35,1196156.22,11304625.50,133637834.75,97734632.16,4390996715.66,3678829011.93,34809624.18,649655735.51,54287.70,1070141890.76,725332019.58,25740310.80,35353.33,109281.55,184213.72,191592529.98,14890772.07,45556395.14,38475742.57,1737849.80,2855588.80,5393.92,3373978.46,,34120872.95,26382304.34,1765943677.17,436886076.04,17681659.01,20466849.41
1701993600000,2023-12-08,Total Asset Value (Dollar),814260.97,15486505.65,19980435.31,29451343808.68,92229847260.67,2103588076.40,7806085.82,,33287756.68,1198781.55,11329437.00,133931144.34,98002181.44,4390996715.66,3678288544.86,34805967.44,649655735.51,54241.52,1070141890.76,725332019.58,25739255.78,35584.90,109239.07,184618.03,191362180.69,14914635.76,44991481.76,38524174.18,1742041.75,2850317.61,5405.76,3373163.29,,34146922.29,76613429.47,1771894269.36,441184807.95,17671070.83,20597360.70
1702080000000,2023-12-09,Total Asset Value (Dollar),814260.97,16026074.72,19943047.89,29498459137.36,92229002009.18,2103588076.40,7821715.40,,33221696.70,1196461.75,11307513.00,133671969.38,98231654.41,4390996715.66,3677347910.88,34800440.55,649655735.51,53966.56,1070141890.76,725332019.58,25719348.95,35502.21,109313.08,184260.77,190800471.85,14889454.60,45386023.52,38619885.82,1736636.70,2838614.62,5395.30,3363883.57,,33946995.16,76465172.08,1772732927.07,441692680.43,17644031.79,20743641.13
1702166400000,2023-12-10,Total Asset Value (Dollar),814260.97,16028010.78,19950267.38,29455565495.65,92229146809.19,2103588076.40,7844024.42,,33221698.28,1196863.93,11311314.00,133716902.97,98231654.41,4390996715.66,3674591311.61,34797450.35,649655735.51,53963.27,1070141890.76,725332019.58,34358263.91,35502.21,109315.77,184322.71,190595308.77,14889455.85,50266491.81,38737304.76,1736452.24,2838729.74,5397.11,3363896.25,,33974566.95,76490875.71,1788696714.67,441734277.20,18080767.19,23307084.12
1702252800000,2023-12-11,Total Asset Value (Dollar),814260.97,16029986.95,19885541.15,29094157384.14,93228838576.13,2054614534.10,7841783.88,,33218050.89,1180036.40,11303208.00,133621077.74,46484912.66,4390996715.66,3659169901.19,34793891.69,649655735.51,53981.33,1070141890.76,725332019.58,34344951.43,35506.23,109354.68,184190.62,184463635.94,14893438.87,55209454.84,38738034.14,1737072.59,2840651.10,5393.24,3364152.10,,33957091.01,76436060.23,1772410318.80,439825336.35,18012916.56,26404072.24
1702339200000,2023-12-12,Total Asset Value (Dollar),814260.97,16031923.01,19777388.29,28994528790.58,93228845572.79,2050224569.59,7844172.38,,33086189.20,1180089.02,11303712.00,133627035.79,,4390996715.66,3640216126.56,34787674.77,649655735.51,54060.44,1073141880.76,725332019.58,42938000.50,35426.11,109395.33,184198.83,180511819.78,14864705.85,55950873.86,38739250.56,1737289.12,2834899.53,5393.49,3345012.47,,33977500.70,76439468.45,1796582340.20,443989701.34,17841556.29,26815304.70
1702425600000,2023-12-13,Total Asset Value (Dollar),814260.97,16339765.30,19838196.91,29235069027.83,93230177666.35,1860792696.15,7935816.52,,33163029.77,1183717.38,11608430.50,134037892.65,,4390996715.66,3634608274.78,34784638.89,649655735.51,41828.30,1346894739.40,725332019.58,51480093.48,35428.24,109337.41,184765.18,180620065.24,14894669.31,53884618.61,38740560.10,1739528.03,2819170.36,5410.07,3355642.82,,33916504.38,76674493.34,1790064687.32,439927152.12,17847059.78,26616879.17
1702512000000,2023-12-14,Total Asset Value (Dollar),824399.44,16341788.82,19829415.69,29390229054.71,93233589899.16,1856157182.71,7943240.66,,33409667.21,1192939.57,11698870.25,135082164.18,,4390996715.66,3648014616.19,34778118.89,649655735.51,42027.61,1396067781.70,725332019.58,60148715.87,35974.07,109957.21,186204.66,181028078.69,14989730.21,53797354.87,38753911.97,1746809.80,2845547.73,5452.22,3381618.62,,33780985.41,77271854.20,1806435297.52,438260664.95,17958148.40,26961628.93
1702598400000,2023-12-15,Total Asset Value (Dollar),824399.44,18205935.07,20173718.51,29479533863.89,93238066895.35,1806189822.56,8147000.98,,33466135.11,1205168.61,11818689.75,136465671.91,,4390996715.66,3636328388.15,34608457.07,649462235.51,42211.76,1656786753.70,725332019.58,24509689.71,36166.88,110801.01,188111.76,181011157.51,15038136.84,54282340.56,38780358.37,1767232.38,2847824.47,5508.06,3379103.64,,33780637.46,78283152.85,1807658458.07,437927759.86,18056379.81,27905078.50
1702684800000,2023-12-16,Total Asset Value (Dollar),824399.44,19319088.81,20006334.04,29508451844.78,93234411081.03,1806189822.56,8157047.65,,33475013.72,1195169.14,11720628.25,135333395.08,,4390996715.66,3680771604.81,34762854.15,649462235.51,42073.98,1656786753.70,725332019.58,24502252.72,36154.43,110968.90,186550.97,180846788.13,14984484.97,54056010.62,38781503.33,1754900.75,2835213.35,5462.36,3371456.99,,33747033.06,77633625.40,1799890506.14,436793894.90,18099538.32,28898264.86
1702771200000,2023-12-17,Total Asset Value (Dollar),824399.44,20784095.09,20034078.54,29446199509.03,93235015869.70,1806189822.56,8160154.68,,33475352.72,1196826.59,11736882.25,135521073.51,,4390996715.66,3673215173.62,34755304.86,649462235.51,42081.72,1656786753.70,725332019.58,33125903.81,36154.43,110968.90,186809.68,180967495.29,14984846.43,54644155.79,38782711.06,1754898.91,2835213.36,5469.93,3371452.68,,33744540.77,77741286.60,1799476787.06,439154142.65,18145858.31,28466219.82
1702857600000,2023-12-18,Total Asset Value (Dollar),824399.44,28717066.80,19991764.51,29516602842.07,93234091398.73,1826135523.60,8162211.06,,33460012.34,1194298.77,11712092.75,135234839.09,,4390996715.66,3689067733.97,34759977.40,649462235.51,42044.07,1630784886.70,725332019.58,33175527.43,36150.85,111010.78,186415.12,181763701.93,14983058.58,54338738.32,38784484.77,1753667.29,2833764.55,5458.38,3371787.69,,33660953.93,77577089.03,1777914620.50,442178079.95,18179291.10,29430643.70
1702944000000,2023-12-19,Total Asset Value (Dollar),824399.44,42183760.18,20044299.23,29581704202.02,93235231084.15,1648609296.38,8166902.38,,33420592.85,1187299.13,11742870.00,135590211.65,,4290996715.66,3695585769.80,34756236.63,649462235.51,42213.89,1796240376.90,725332019.58,41656398.83,36178.47,110865.65,186904.98,182152656.29,14995886.91,50480404.28,38786056.69,1750924.25,2858737.53,5472.72,3381758.22,,33270953.93,77780947.51,1785762826.87,450754950.30,18178527.91,29430864.79
1703030400000,2023-12-20,Total Asset Value (Dollar),824149.44,43499140.18,20114784.46,29706812597.35,93237537121.74,1643436641.97,8174731.88,,33299931.39,1248404.35,11804209.50,136298474.27,,4290996715.66,3701720946.90,34750562.09,649462235.51,42527.36,1795341366.90,725332019.58,53629969.63,36474.55,111360.18,187881.29,182734332.76,15032376.57,51570759.62,38787632.57,1761719.65,2876653.62,5501.31,3380658.66,,32677093.15,78187240.39,1782475626.33,451184674.79,18198500.53,29525180.36
1703116800000,2023-12-21,Total Asset Value (Dollar),824149.44,53837382.59,19909412.86,29585798171.43,93236015660.78,1643436641.97,8213651.38,,33337662.20,1192380.98,11764015.25,135834367.38,,4290996715.66,3721744935.23,34718680.61,649462235.51,42432.66,1795340366.90,725332019.58,53562723.04,36366.80,111186.52,187241.54,182230769.90,14998178.60,49803721.19,38788896.41,1749196.40,2848075.57,5482.58,3359139.47,,32647204.92,77921006.76,1791601021.98,451112812.04,18231337.22,29522794.14
1703203200000,2023-12-22,Total Asset Value (Dollar),824149.44,53844260.99,20024068.80,29813806723.49,93238543907.69,1648298970.20,8320955.11,,33483068.55,1176300.18,11831632.75,136615119.54,,4290996715.66,3733618402.38,34747109.33,649462235.51,42749.92,1795341366.90,725332019.58,53518863.66,68018.31,111822.36,188317.77,181924692.99,15057827.46,52823567.41,38789481.92,1755571.69,2866600.69,5514.09,3381236.90,,33157201.08,78368883.07,1791917367.69,461817429.82,18279857.29,29609253.81
1703289600000,2023-12-23,Total Asset Value (Dollar),824149.44,61336647.38,20065491.77,29811129220.29,93239129521.19,1648298970.20,8277519.18,,33446563.13,1177881.95,11847542.75,136798825.93,,4290996715.66,3742972673.89,34741841.83,649462235.51,42773.13,1795341366.90,725332019.58,53254792.01,68048.99,111859.80,188571.00,181804807.50,15086124.92,53430307.27,38790048.64,1757514.57,2880865.91,5521.51,3380850.13,,33073800.48,78474265.73,1796941891.23,461815474.73,18185583.90,29777091.77
1703376000000,2023-12-24,Total Asset Value (Dollar),824149.44,67820123.51,20066894.04,29818990009.14,93239140447.03,1648298970.20,8402778.42,,33446055.43,1177917.22,11847897.50,136802922.09,,4290996715.66,3746302433.98,34736568.56,649462235.51,42773.23,1795341366.90,725332019.58,61787672.57,68058.92,111859.69,188576.65,181021910.06,15084626.86,54438980.11,38790790.00,1757514.57,2880846.25,5521.67,3380850.13,,33074920.47,78476615.47,1813927864.86,463991006.72,18162969.57,29837737.56
1703462400000,2023-12-25,Total Asset Value (Dollar),824149.44,70927731.03,20040619.64,29751196875.27,94239007808.26,1648298970.20,8406476.05,,33439906.02,1177562.39,11844328.50,136761712.27,,4290996715.66,3745867396.55,34731713.75,649462235.51,42760.06,1795341366.90,725332019.58,61824478.45,68015.72,111964.59,188519.84,180714556.22,15087983.43,54194625.35,38790246.89,1759294.92,2874064.66,5520.01,3380792.01,,33003160.31,78452975.58,1791697836.35,465205727.69,18326654.21,30493999.56
1703548800000,2023-12-26,Total Asset Value (Dollar),824149.44,75036907.83,20044902.39,29418325580.68,94239078561.31,1646893114.78,8408652.63,,33464969.66,1177730.19,11846016.25,136781200.05,,3950996715.66,3719175019.08,34730210.41,649462235.51,42764.24,1795341366.90,725332019.58,61843400.58,68100.73,112083.36,188546.70,180600994.79,15074633.24,54960358.24,38790931.23,1758214.00,2867730.48,5520.79,3381305.77,,33260849.70,78464154.69,1800179681.17,468168529.55,18249844.08,30748042.80
1703635200000,2023-12-27,Total Asset Value (Dollar),824149.44,82520838.35,19810056.46,29508132391.09,94240012927.23,1648338179.78,8428015.40,,33440908.17,1180217.20,11871031.50,137070041.11,,3950996715.66,3736303151.64,34722242.72,649462235.51,42874.27,1794178372.90,725332019.58,70283265.34,68293.53,112560.11,188944.86,176677793.28,11315943.43,54302086.52,38826872.63,1761177.45,2907660.80,5532.45,3390170.20,,33453338.24,78629847.56,1810987588.16,466013470.08,18231602.27,30893810.50
1703721600000,2023-12-28,Total Asset Value (Dollar),824149.44,95019972.58,19929020.71,29540586963.71,94242636826.77,1650363396.87,8567726.34,,33546385.47,1187221.88,11941487.00,137883562.52,,3950996715.66,3725784569.29,34716834.13,649462235.51,43449.15,1801091366.90,725332019.58,70093730.81,68580.32,112485.39,190066.26,176577057.93,11348066.11,54531688.51,38957152.50,1771361.14,2900111.86,5565.29,3397913.12,,33464142.70,79096521.85,1815594122.16,468327671.15,18081495.87,30921725.40
1703808000000,2023-12-29,Total Asset Value (Dollar),824149.44,110014261.60,19856365.47,29440549230.60,94241018099.11,1648109003.96,8433649.35,,33547184.16,1182846.36,11897476.50,137375390.92,,3950996715.56,3727691581.10,34711737.56,649462235.51,43397.82,1801091366.90,725332019.58,78186539.29,68313.73,112270.15,189365.77,176203226.77,11341121.92,54386507.80,38957951.36,1762139.25,2885427.91,5544.78,3382284.50,,33330559.39,78805010.63,1833651820.69,472383530.04,18070064.38,30962466.91
1703894400000,2023-12-30,Total Asset Value (Dollar),824149.44,119618807.17,19819879.78,29338217752.65,94240179914.79,1648109003.96,8438173.11,,33588470.52,1180625.47,11875138.00,137117457.22,,3950996715.56,3716135116.68,34707008.90,649462235.51,43506.91,1801091366.90,725332019.58,78291995.22,68178.92,112071.83,189010.22,177765667.53,11345487.82,54890803.83,38958643.93,1762275.51,2885130.78,5534.37,3398989.51,,33293811.23,78657047.68,1827439920.64,469618965.99,18070976.14,31064745.62
1703980800000,2023-12-31,Total Asset Value (Dollar),824149.44,126744726.54,19828397.66,29179270994.80,94240355515.20,1648109003.96,8440272.24,,33588470.24,1181094.66,11879857.25,137171948.51,,3950996715.56,3698603397.92,34705095.18,649462235.51,43508.67,1801091366.90,725332019.58,78292166.22,68178.92,112071.80,189085.33,177030879.40,11345487.84,54753456.95,38959208.87,1762275.31,2885130.78,5536.57,3398989.69,,33281173.54,78688306.45,1842700149.85,469725845.90,18073230.42,30966720.74
1704067200000,2024-01-01,Total Asset Value (Dollar),824149.44,136925204.70,19805368.43,29247697364.82,94239831337.01,1648109003.96,8443601.03,,33588350.89,1179692.44,11865753.25,137009095.27,,3950996715.56,3715927694.90,34697524.47,649462235.51,43506.94,1801091366.90,725332019.58,78316130.26,68168.89,112110.01,188860.85,176239346.77,11348705.32,54655123.80,38959717.09,1761812.35,2884939.17,5529.99,3398472.14,,33018298.10,78594886.15,1842632365.94,471035229.16,18068513.46,30941794.49
1704153600000,2024-01-02,Total Asset Value (Dollar),824149.44,139292578.64,19833800.36,29448538631.21,94239802548.82,1644522417.72,8007761.08,,33581020.46,1168258.53,11864721.25,136997179.18,,3950996715.56,3743247007.55,34694314.12,649462235.51,43469.88,1801091266.90,725332019.58,28360913.85,68143.47,112146.46,188844.42,174892809.94,11346705.87,54072521.61,39033976.47,1761406.48,2884516.33,5529.51,3398790.90,,32891272.75,78588050.52,1814039562.32,469915765.16,18058286.25,31043872.76
1704240000000,2024-01-03,Total Asset Value (Dollar),824149.44,141061468.82,19597875.01,29657360503.13,94235953659.91,1644522417.72,8012630.03,,33475957.00,1140340.21,11762241.50,135813886.60,,3950996715.56,3755805739.93,34686667.66,649462235.51,43062.73,1801090766.90,725332019.58,28163600.79,67716.74,111501.16,187213.31,170928554.30,11290171.93,53933750.85,39035112.82,1746900.61,2843245.77,5481.75,3376766.83,,32799060.13,77909258.02,1823146650.15,473856430.71,18029857.11,31019166.95
1704326400000,2024-01-04,Total Asset Value (Dollar),824149.44,142953019.36,19569790.08,29768996876.32,96235317817.03,1629315835.83,8027771.22,,33392292.37,1204261.67,11745385.50,135619257.12,,3950996715.56,3751224807.32,34690379.85,649462235.51,43107.48,1801090766.90,725332019.58,39209372.29,67394.15,111273.59,186945.02,171879481.57,11272442.94,53803196.14,39068198.13,1753714.12,2845248.94,5473.90,3367600.65,,32582475.58,77797609.36,1827029298.31,474367104.88,17974622.50,31327917.22
1704412800000,2024-01-05,Total Asset Value (Dollar),824149.44,142971770.95,19634875.92,30029603778.05,96236147520.77,1570258012.01,7926795.44,,33213742.79,1206584.02,11817297.30,135880790.48,,3950996715.56,3760341737.86,34685355.17,649462235.51,43050.31,1838136728.40,725332019.58,44160740.02,67103.95,111207.89,187305.53,158551657.71,11264484.94,53859900.84,39068893.57,1754895.98,2858776.64,5484.45,3373440.63,,32598207.30,77947637.25,1836866206.58,472970168.77,17957510.32,31480213.08
1704499200000,2024-01-06,Total Asset Value (Dollar),824149.44,146930018.54,19650495.40,30046521918.52,96236458160.10,1570258012.01,7775117.10,,33225926.92,1207387.52,11825166.85,135971278.29,,3950996715.56,3756055150.83,34679367.99,649462235.51,43065.82,1838136728.40,725332019.58,44195683.91,67169.27,111140.22,187430.26,158455905.49,11259814.85,54945596.26,39071739.30,1760423.26,2871775.24,5488.10,3373583.22,,32582378.17,77999545.33,1842305484.92,473889210.94,17950948.81,29484071.79
1704585600000,2024-01-07,Total Asset Value (Dollar),824149.44,146949297.59,19674671.86,30036399409.93,96236236150.05,1570258012.01,7777809.99,,33225926.92,1206775.80,11819175.62,135902388.39,,3950996715.56,3766418021.64,34672587.47,649462235.51,43065.83,1838136728.40,725332019.58,52577997.99,67169.30,111131.90,187335.30,153383521.14,11259813.44,54520189.01,39072641.04,1760423.26,2871873.42,5485.32,3373583.22,,32579610.21,77960026.83,1834592161.76,470431959.77,17998025.84,29350061.01
1704672000000,2024-01-08,Total Asset Value (Dollar),915299.44,148701156.64,19673142.64,30012773780.77,96235959934.61,1417292856.06,7564074.96,,33213685.25,1188230.43,11811683.90,135816244.99,,3950996715.56,3781401729.96,34668634.27,649462235.51,43020.93,1838136728.40,725332019.58,52544788.88,67208.93,111180.56,187216.56,151629792.91,14269982.16,55801035.20,39143137.88,1759596.67,2871097.08,5481.85,3373323.14,,32396714.72,77910610.91,1842163603.98,472603757.81,18010450.36,29042953.80
1704758400000,2024-01-09,Total Asset Value (Dollar),921327.22,148720667.61,19689185.54,29874435625.38,97236293266.73,1269262208.26,7578253.16,,33265482.56,1189127.43,11820600.57,135918773.02,,3950996715.56,3767209808.15,34663533.27,649462235.51,43161.18,2038036728.40,725332019.58,57430742.53,67213.94,111255.50,187357.89,149170005.62,14280998.62,54583241.70,39229476.25,1763323.82,2874448.21,5485.99,3372486.01,,32335757.41,72494390.82,1818824745.16,472598127.16,18005955.42,29116778.40
1704844800000,2024-01-10,Total Asset Value (Dollar),921327.22,149679445.64,19551758.88,29925693933.92,97235524214.78,1282559018.94,7580851.76,,33245826.57,1187111.90,11800565.04,135688395.27,,3950996715.56,3776744569.59,34657182.28,649462235.51,42945.68,2023036728.40,725332019.58,70682177.08,66892.02,110933.82,187040.32,148483419.78,14256030.86,51993688.81,39539489.67,1759168.00,2853183.14,5476.69,3368498.14,2112162.98,32223268.61,72371515.27,1863742762.61,474153461.49,17977510.43,29097982.00
1704931200000,2024-01-11,Total Asset Value (Dollar),821327.22,149699082.30,19732927.33,29898395203.23,97237252248.28,1235467355.84,7589747.43,,33119395.65,1191803.22,11847199.45,136224619.33,,3950996715.56,3741673240.75,34655954.11,649462235.51,43038.36,2025986728.40,725332019.58,70931093.34,67075.25,65126.65,187779.48,149340481.04,16129221.06,53754182.77,39749089.29,1763702.07,2861308.10,5498.33,3361081.93,2117948.75,32221309.34,72657518.71,1860415033.48,477545183.11,17963186.04,29317516.10
1705017600000,2024-01-12,Total Asset Value (Dollar),900337.72,150502760.97,19718280.58,29999077538.78,98237560351.99,1197027998.40,7807058.69,,33183379.71,1192589.45,11855015.02,136314486.51,,3950996715.56,3714508692.62,34648325.28,649462235.51,43011.45,2018986628.40,725332019.58,75437550.63,67039.14,65130.46,187903.36,148304437.44,16147880.32,54744008.51,39934688.37,1768346.97,2874035.15,5501.96,3362526.61,2116808.60,32079047.36,72705450.77,1884461767.44,477753983.24,18671947.91,32230892.53
1705104000000,2024-01-13,Total Asset Value (Dollar),900337.72,150522502.52,19676368.31,30091974500.10,98236569022.94,1197027998.40,7752999.41,,33201023.66,1189940.81,11828686.02,136011743.35,,3950996715.56,3723446299.19,34644487.92,649462235.51,42937.92,2018986628.40,725332019.58,75349919.58,66906.83,64972.56,187486.04,148064253.24,16122691.83,55790032.26,39935385.26,1764597.17,2884050.86,5489.74,3365629.41,2112630.86,32015101.61,72543977.99,1890054984.11,473847742.36,18867621.67,33656604.58
1705190400000,2024-01-14,Total Asset Value (Dollar),900337.72,150542244.07,19679421.31,30095303911.98,98236619822.25,1197027998.40,7756729.46,,33201023.66,1190078.72,11830056.99,136027507.34,,3950996715.56,3697019988.45,34637574.71,649462235.51,42936.60,2018986628.40,725332019.58,75349919.58,66906.83,64972.56,187507.77,147936140.16,16122689.65,55467058.40,39936483.34,1764597.14,2883932.04,5490.37,3365629.41,2112630.86,32057942.75,72552385.96,1898916620.28,475439524.95,19141434.72,35770865.54
1705276800000,2024-01-15,Total Asset Value (Dollar),900337.72,150651985.63,19654929.28,30064046274.47,98236056729.01,1185700210.02,8069281.14,,33176207.48,1188548.62,11814846.83,135852613.89,,3950996715.56,3699601580.45,34624111.15,649462235.51,42892.71,2018986728.40,725332019.58,75388181.21,66942.12,64994.00,187266.69,147003862.53,16121930.68,54560314.67,39955517.78,1762534.22,2883598.80,5483.31,3366230.16,2113744.90,32031041.11,72459103.82,1915690074.66,476331675.30,19244070.88,37051423.10
1705363200000,2024-01-16,Total Asset Value (Dollar),900337.72,152401092.16,19841342.48,30029172350.31,98236069211.43,1071994024.35,8071265.78,,33114527.52,1293630.95,11815181.48,135856461.80,,3950996715.56,3695674873.13,34629691.59,649462235.51,42763.47,2094156728.40,725332019.57,50795546.68,66557.28,64858.12,187271.99,146926851.28,16098428.36,55692031.17,39977306.87,1759668.73,2878565.45,5483.47,3363081.48,2101593.45,32030368.11,72461156.16,1935752882.26,477506397.23,19227940.89,39996320.99
1705449600000,2024-01-17,Total Asset Value (Dollar),900337.72,152421064.96,19720645.30,30303582935.66,98233356525.20,977283599.54,7986056.13,,32972951.62,1266566.21,11743308.36,135030031.29,,4150996715.56,3697240241.26,34604548.13,649462235.51,42489.50,2119146708.40,725332019.57,55726866.43,65941.55,64597.78,186132.80,147294706.98,15996863.14,55915277.74,39978493.18,1749005.39,2841793.31,5450.11,3349363.02,2082151.42,31957154.75,72020366.60,1918943357.99,478072022.48,19228319.17,41010865.23
1705536000000,2024-01-18,Total Asset Value (Dollar),900337.72,153250532.75,19734119.72,30196498819.60,98233623542.08,812278904.06,8301628.44,,32891180.99,1267350.94,11946517.98,135113692.17,,4150996715.56,3685925764.59,34617659.15,649462235.51,42348.36,2300580947.90,725332019.57,60666144.40,65564.15,64536.70,186248.12,146966921.86,14486459.99,53932693.59,39979670.05,1754245.22,2836592.04,5453.49,3345866.23,2070234.69,31772871.34,72064988.44,1921913702.94,475257897.65,19178481.39,41354209.51
1705622400000,2024-01-19,Total Asset Value (Dollar),899937.72,154500636.75,19698748.53,30114652188.58,98233375623.87,764200162.28,7992301.90,,32891157.58,1257956.35,11939515.92,135034499.82,,4150996715.56,3737268821.66,34617659.15,649462235.51,42168.97,2614160404.40,725332019.57,75554705.63,65866.36,64620.33,186138.96,148590058.69,14495365.44,54948056.08,39980687.25,1758998.55,2840736.16,5450.29,3349282.77,2079777.13,32219425.36,72022749.96,1934150539.01,477651235.14,19234134.43,42366008.90
1705708800000,2024-01-20,Total Asset Value (Dollar),899937.72,154520882.16,19753568.41,30284895004.94,98234576672.14,764200162.28,7993118.07,,32888868.88,1261379.10,11972001.93,135401912.60,,4150996715.56,3693704894.35,34609683.01,649462235.51,42154.89,2614160404.40,725332019.57,75442725.39,66034.83,64835.05,186645.42,149382149.43,14526481.00,54464208.26,39981286.86,1757949.87,2838892.83,5465.12,3349808.17,2085096.64,32181035.71,72218715.28,1948415187.24,477619331.43,19406695.20,42709565.68
1705795200000,2024-01-21,Total Asset Value (Dollar),899937.72,154541127.57,19758638.17,30327598538.88,98234592271.78,764200162.28,8002755.10,,32888868.88,1261424.20,11972429.95,135406753.52,,4150996715.56,3690147120.23,34537130.83,649462235.51,42154.75,2614160404.40,725332019.57,75442725.39,66034.83,64835.05,186652.09,148184117.82,14526480.92,54711674.18,39980195.23,1757995.73,2838988.79,5465.32,3349808.23,2085096.57,32144534.30,72221297.26,1949191812.22,478711300.55,19063902.74,42666608.28
1705881600000,2024-01-22,Total Asset Value (Dollar),899937.72,154561372.97,19604438.82,30199644936.37,98233916472.73,764200154.78,7765206.44,,32891945.82,1246405.41,12062856.78,135197601.31,,4030354659.56,3680768718.92,34577887.86,649462235.51,42146.24,2654145306.30,725332019.57,69218587.61,66018.37,64874.89,186363.79,147772075.25,14529780.19,54651783.69,39977823.17,1757529.55,2839891.89,5456.88,3350221.21,2084577.10,32117691.60,72109742.68,1955230477.06,479936660.38,19056960.55,42475634.93
1705968000000,2024-01-23,Total Asset Value (Dollar),899937.72,154581618.38,19476821.61,30252455957.25,98233354529.77,764200154.78,7775895.21,,32889753.06,1239339.38,12047307.47,135023328.49,,4030354659.56,3691475622.83,34595082.87,649462235.51,42115.91,2654155296.30,725332019.57,28257948.82,65758.23,64650.50,186123.56,148192398.67,14509368.89,52799153.00,39978443.08,1758350.80,2805761.16,5449.84,3342323.86,2076362.84,32039045.42,72016791.56,1943965780.88,481899773.19,18998116.25,42330376.24
1706054400000,2024-01-24,Total Asset Value (Dollar),880012.72,154601863.79,22084498.44,30377053099.40,98232541393.00,764200154.78,7111055.26,,32880459.17,1228488.15,12024271.48,134765146.53,,4030354659.56,3712638943.29,34592725.72,649462235.51,42093.33,2654155296.30,725332019.57,34843525.41,65893.88,64753.62,185767.67,146319120.52,14522971.11,52247820.55,39978967.85,1756312.02,2826113.29,5439.42,3333807.55,2080646.11,32060784.87,71879086.20,1903400698.42,475530564.39,18983593.02,43220468.88
1706140800000,2024-01-25,Total Asset Value (Dollar),880012.72,154622109.19,22394746.71,30517418357.83,98233538462.18,757707726.58,7112524.41,,32943223.74,1231286.35,12051659.95,135072109.98,,4030354659.56,3732684519.39,34603048.27,649462235.51,42413.21,2614249296.30,725332019.57,49751901.76,65802.52,64427.41,186190.80,147016922.07,14534261.99,52556389.80,39979766.69,1760111.38,2837454.40,5451.81,3328524.92,2077761.32,31955019.65,72042809.93,1903099643.19,475203346.02,18841706.92,42032622.81
1706227200000,2024-01-26,Total Asset Value (Dollar),880012.72,154642354.60,22355000.43,30613510926.68,98232105736.77,757707726.58,7119739.00,,32931243.63,1227271.78,12012365.85,134631711.15,,4030354659.56,3739727805.04,34599171.66,649462235.51,42218.37,2589684851.30,725332019.57,49673421.28,65876.78,64646.72,185583.73,145790909.04,14526022.49,53398495.35,39980225.26,1758417.26,2847168.09,5434.04,3306876.32,2080106.06,31923665.23,71807916.36,1906184540.75,476532055.91,19673951.82,42566250.22
1706313600000,2024-01-27,Total Asset Value (Dollar),880012.72,154662600.01,22385586.51,30630817148.14,98232700968.58,757707726.58,7126019.17,,32887007.29,1228950.93,12028801.15,134815914.04,,4030354659.56,3738745517.31,34594182.54,649462235.51,42368.63,2589684851.30,725332019.57,49705845.30,65804.97,64767.18,185837.65,145797233.90,14510630.08,52942055.06,39980252.04,1758204.34,2847496.27,5441.47,3313394.90,2077838.75,31837519.09,71906163.84,1908455482.86,476656008.85,19824977.07,42967727.08
1706400000000,2024-01-28,Total Asset Value (Dollar),880012.72,154682845.41,22380468.03,30657769929.06,98232586168.47,757707726.58,7146858.56,,32887007.29,1228626.19,12025622.63,134780289.90,,4030354659.56,3735430846.42,34583766.75,649462235.51,42367.52,2589684851.30,725332019.57,49705845.30,65804.97,64767.18,185788.54,146105937.84,14510636.71,52633216.41,39980769.65,1758158.17,2847689.40,5440.03,3313394.90,2077838.75,31615045.24,71887163.15,1915523280.54,478113190.38,19685994.48,42944290.68
1706486400000,2024-01-29,Total Asset Value (Dollar),880012.72,155509188.82,22656789.48,30917478533.01,99231946046.75,757707726.58,7149246.92,,32884543.35,1193744.68,12083955.10,134583426.16,,4030354659.56,3712586158.03,34584736.34,649462235.51,42353.93,2580679618.30,725332019.57,64444833.16,65822.98,64759.55,185517.17,146502534.35,14509263.36,52277098.05,39981318.34,1757140.33,2847929.65,5432.09,3312573.45,2078407.26,31549114.27,71782162.81,1911754307.65,474717172.87,19698935.00,45330920.03
1706572800000,2024-01-30,Total Asset Value (Dollar),880012.72,154529608.57,22638609.70,31134717906.39,99231595309.58,753707626.58,7149293.49,,32952966.52,1192808.49,12074258.95,134475436.59,,4030354659.56,3875660795.73,34571525.35,649462235.51,42501.95,2578170335.55,725332019.57,64411008.02,66193.36,64978.09,185368.31,146975461.89,14533272.87,50860406.49,39980901.06,1759475.91,2827197.64,5427.73,3306227.50,2090102.39,31513884.41,71724564.90,1924185395.27,475605095.41,19799162.36,46871447.17
1706659200000,2024-01-31,Total Asset Value (Dollar),860012.72,154549894.85,22512345.26,31121988598.07,99231983890.16,753707626.58,7157169.26,,32963109.58,1193868.76,12084991.59,134594969.87,,4030354659.56,3673630422.15,34551706.96,649462235.51,42473.97,2578169834.55,725332019.57,64392097.10,65998.23,65025.08,185533.08,147354779.67,14537231.18,49806705.54,39981751.22,1756936.19,2827540.24,5432.55,3313547.80,2083941.06,31328266.37,71788319.83,1933956656.26,474533667.76,19781969.50,48081189.13
1706745600000,2024-02-01,Total Asset Value (Dollar),860012.72,154570181.13,22516751.41,31079333018.23,99230397162.34,753707626.58,7160178.55,,33000792.96,1219759.47,12040857.39,134103431.15,,4030354659.56,3668500518.88,34569893.20,649462235.51,42451.28,2584269844.55,725332019.57,70978308.68,65682.96,64864.83,184855.52,148323432.50,16019627.71,50149518.22,39982637.51,1754692.28,2826351.01,5412.71,3316187.22,2073986.18,31268146.13,71526150.01,1934069979.70,479622786.74,20278036.94,48746384.72
1706832000000,2024-02-02,Total Asset Value (Dollar),860012.72,152590468.42,22870316.90,31240330852.41,99233226210.84,753707626.58,7166971.05,,33049124.59,1282091.75,12119440.78,134978643.15,,4030354659.56,3655180528.63,34541197.18,649462235.51,42683.76,2584269844.55,725332019.57,51891895.67,65796.46,65107.59,186061.96,151542622.91,16063059.43,50028763.07,39983358.03,1763883.60,2847527.13,5448.04,3323146.20,2077570.07,31354835.67,71992957.94,1951703185.89,479518867.24,20354304.79,48609413.70
1706918400000,2024-02-03,Total Asset Value (Dollar),860012.72,152610487.88,22711970.95,31297020482.91,99230185932.73,753707626.58,7174997.83,,32867723.72,1273215.00,12035530.08,134044098.95,,4030354659.56,3660013058.55,34564330.95,649462235.51,42228.89,2584269844.55,725332019.57,51799291.30,65210.43,64705.63,184773.73,151679064.12,15989212.64,49861864.93,39984028.61,1748192.03,2817203.72,5410.32,3331051.45,2059065.64,31355641.21,71494504.26,1953644041.38,479917688.21,20484338.16,48372013.93
1707004800000,2024-02-04,Total Asset Value (Dollar),860012.72,152630507.34,22714200.29,31339947209.17,99230228332.57,753707626.58,7184482.15,,32867723.72,1273339.98,12036711.45,134057256.30,,4030354659.56,3660387799.48,34562121.41,649462235.51,42228.89,2584269844.55,725332019.57,51799291.30,65210.43,64704.02,184791.87,151565160.30,15989206.11,50166906.13,39985183.74,1748237.87,2817222.67,5410.85,3331035.83,2059065.64,31367697.22,71501521.94,1955720853.76,480539977.59,20856635.62,48322284.43
1707091200000,2024-02-05,Total Asset Value (Dollar),860012.72,152650526.81,22665191.50,31267929650.18,99229419692.34,753707626.58,7186913.94,,32853272.93,1270942.72,12014254.27,133807142.53,,4030354659.55,3625049556.62,34557045.90,649462235.51,42204.84,2584269844.55,725332019.57,58225459.86,65061.27,64682.58,184447.10,151645311.43,15980766.10,50054488.43,39985832.28,1746141.82,2819143.36,5400.75,3331328.11,2054355.92,31364956.95,71368119.87,1966205369.03,485412934.56,20952042.46,49598239.95
1707177600000,2024-02-06,Total Asset Value (Dollar),860012.72,152670546.27,22584632.45,31550495034.97,99227875597.10,753707626.58,6990852.85,,32842000.44,1266390.65,11971223.43,133327892.27,,4030354659.55,3643729509.22,34551543.97,649462235.51,42040.48,2563269844.55,725332019.57,64827377.92,64854.30,64343.81,183786.48,152591574.75,15941758.27,49829399.80,39986913.30,1734566.54,2808087.30,5381.41,3321575.49,2047820.50,31365961.20,71112504.30,1964671294.14,481106573.04,20964616.53,49295883.27
1707264000000,2024-02-07,Total Asset Value (Dollar),860012.72,152690565.74,22606531.35,31726308432.78,99228515384.23,753707626.58,7002402.86,,32918594.91,1271974.69,11988420.17,133519418.60,,4030354659.55,3635878727.97,34547077.94,649462235.51,42096.56,2523269844.55,725332019.57,32376265.74,65326.91,64599.22,184050.49,152524684.66,15087159.51,49634028.97,40061727.66,1744244.14,2820400.90,5389.14,3324284.49,2062743.52,31269204.27,71214657.84,1976455514.81,483928660.03,20791843.92,49848715.31
1707350400000,2024-02-08,Total Asset Value (Dollar),860012.72,152710585.20,22646033.90,31936780752.00,99229251785.76,738787750.99,7110349.92,,32895286.14,1274171.75,12009127.58,133750044.60,,4030354659.55,3635076330.96,34547077.94,649462235.51,41873.56,2681150854.55,725332019.57,32356723.90,65258.30,64723.39,184368.39,153700438.20,15094285.76,49812798.59,40093315.34,1747408.76,2816296.97,5398.45,3343765.09,2060577.08,31270320.38,71337665.80,1978056259.40,484777068.12,20941461.41,49932589.16
1707436800000,2024-02-09,Total Asset Value (Dollar),750012.72,152744604.66,21844859.95,32132293196.99,99229315369.20,738787750.99,7129379.05,,32785078.63,1274401.16,12011289.71,133774125.03,,4030354659.55,3653421797.37,34541877.94,649462235.51,41905.79,2759937506.05,725332019.57,38781547.34,65019.17,64740.68,184401.59,153136426.14,15054613.84,49604782.72,40352636.49,1746429.03,2803888.06,5399.42,3341924.34,2053026.56,31215656.41,71350509.47,1999440735.03,486245103.40,20921595.57,48025600.37
1707523200000,2024-02-10,Total Asset Value (Dollar),750012.72,152844624.13,21853203.25,32161675529.62,99229459070.01,738787750.99,7131950.12,,32781875.11,1274818.58,12015223.89,133817941.49,,4030354659.55,3672696670.44,34541877.94,649462235.51,41843.14,2759937506.05,740565203.74,38773228.07,65294.12,64726.83,184461.99,153164714.68,15062780.29,50081382.81,40422643.60,1747366.08,2826940.75,5401.19,3349550.81,2061708.14,31144066.58,71373879.66,2023736129.04,486352674.28,20836310.60,48030201.47
1707609600000,2024-02-11,Total Asset Value (Dollar),750012.72,151864654.25,21855980.31,32131942302.34,99229513866.09,738787750.99,7136291.28,,32781875.11,1274980.58,12016750.75,133834946.74,,4030354659.55,3689135044.93,34532961.66,649462235.51,41843.14,2759937506.05,739363331.17,38763923.17,65294.12,64699.28,184485.43,153433035.32,15064378.01,49870859.90,40430375.10,1747366.32,2826731.50,5401.88,3349552.52,2061708.15,31018411.52,71382949.68,2026305155.80,487215876.55,20337002.49,45440220.08
1707696000000,2024-02-12,Total Asset Value (Dollar),750012.72,151884684.38,21837823.22,32013622156.73,99230137548.15,691071269.11,7138854.04,,32795897.11,1276824.07,12034125.81,134028459.08,,4030354659.55,3658859752.28,34523049.12,649462235.51,41872.73,2759937506.05,738773483.13,38764177.39,65299.04,64750.99,184752.18,152796734.80,15072673.27,50176806.24,40547908.01,1748880.55,2825678.25,5409.69,3349109.60,2061863.75,31024421.52,71486162.49,2036658535.65,487068848.49,19417463.75,44453194.69
1707782400000,2024-02-13,Total Asset Value (Dollar),750012.72,151904714.50,21059681.54,32056890824.98,99229114894.15,641071270.61,7143827.62,,32772336.34,1244671.12,12005561.18,133710324.30,,4030354659.55,3652402861.78,34511457.49,649462235.51,41795.01,2811898886.05,738675249.62,25889607.73,65339.59,64762.04,184313.64,152753336.11,15078431.62,50428998.78,40589179.40,1368150.89,2826170.34,5396.85,3356093.25,2063143.96,30983926.08,71316480.36,2038872537.92,489079315.89,19045078.89,44898005.82
1707868800000,2024-02-14,Total Asset Value (Dollar),750012.72,151924744.63,21053799.56,32204008612.86,99226550962.27,620613343.82,7151301.35,,32651580.28,1237330.53,11934756.99,132921752.20,,4030354659.55,3656801653.44,34506306.00,649462235.51,41247.82,2833875886.05,738695011.24,25883068.90,64575.38,64229.98,183226.63,153071750.21,15008006.22,48487074.74,40958363.90,1364174.17,2826198.86,5365.02,3343903.20,2039013.56,31133424.66,70895883.17,2040387421.38,491062923.54,18974624.28,45182875.87
1707955200000,2024-02-15,Total Asset Value (Dollar),750012.72,151944774.76,21035958.43,29002292468.61,99227490251.41,604933842.38,6983232.87,,32600784.35,1322096.53,11960524.23,133208731.37,,4030354649.55,3687812224.40,34499657.38,649462235.51,41352.91,2841575618.35,739161125.59,25858258.97,65036.61,64363.99,183622.22,153195539.08,15046128.35,49253425.33,41120299.53,1361780.26,2816259.67,5376.60,3348900.44,2053577.13,31209949.77,71048947.98,2026282418.21,489883936.56,18810597.68,45814697.85
1708041600000,2024-02-16,Total Asset Value (Dollar),750012.72,151964804.88,21065053.88,29001195106.34,99229158564.59,604933842.38,7065521.72,,32655944.20,1327207.89,12006764.83,133723729.90,,4030354649.55,3665057535.91,34495622.84,649462235.51,41605.66,2843465315.65,739107573.78,32304179.40,65304.12,64714.19,184332.12,153189962.64,15068396.72,49196007.16,41132297.35,137692.72,2814749.29,5397.39,3340191.26,2062023.85,31098828.95,71323630.45,2022428946.63,497529264.34,18517774.85,45990463.26
1708128000000,2024-02-17,Total Asset Value (Dollar),750012.72,151984868.30,21075884.02,29007355378.37,99229374630.83,604933842.38,9068683.68,,32631004.03,1327863.28,12012693.98,133789764.90,,4030354649.55,3677271124.55,34490292.38,649462235.51,41563.57,2843465315.65,739002808.70,32268630.33,65359.50,64615.73,184423.15,153006649.24,15047568.73,49950066.29,41132815.78,137701.29,2818583.86,5400.05,3344294.31,2063772.77,31128828.54,71358851.24,2029942787.75,500977087.53,19074579.58,45488915.62
1708214400000,2024-02-18,Total Asset Value (Dollar),750012.72,152004931.71,21072424.16,28956744935.87,99229289030.84,604933842.38,7080458.93,,32631004.17,1327599.65,12010308.94,133763201.95,,4030354649.55,3685753721.81,34485713.63,649462235.51,41562.32,2843465315.65,738932737.64,32268630.96,65359.50,64615.73,184386.53,152645158.73,15047592.50,50151034.46,41338390.39,137701.11,2818583.86,5398.98,3344298.17,2063772.77,31128011.90,71344683.48,2031136305.92,505039136.03,19080315.61,45592404.01
1708300800000,2024-02-19,Total Asset Value (Dollar),750012.72,152024995.13,21088372.74,28927368937.53,99229609672.32,604933842.38,7095708.85,,32639525.07,1303496.66,12019158.08,133861757.94,,4030354649.55,3709325995.30,34482969.87,649462235.51,41565.78,2836465315.65,738880574.16,32268349.96,65423.68,64655.52,184522.39,152954753.19,15071364.58,50405802.37,41458738.53,137810.10,2818036.18,5402.96,3344044.18,2065799.19,30993106.66,71397249.85,2039923476.01,511016445.08,19027640.77,48703117.72
1708387200000,2024-02-20,Total Asset Value (Dollar),750012.72,152045058.54,21071860.28,28902946347.11,100229263582.23,604933842.38,7498256.19,,32626006.31,1302458.40,12009584.52,133755133.76,,4030354649.55,3689410765.96,34474524.09,649462235.51,41465.58,2793465335.65,738949561.48,46814777.25,65355.18,64553.28,184375.41,151597869.29,15059980.41,51235284.80,41499473.98,137556.37,2823985.07,5398.66,3345524.42,2063636.19,30991670.97,71340380.18,2050233411.03,519224490.55,18986582.04,49916544.66
1708473600000,2024-02-21,Total Asset Value (Dollar),750012.72,152065121.96,21195337.88,28959990630.86,100230671829.21,604933842.38,7316440.44,,32655769.07,1306694.86,12048647.74,134190195.18,,4030354649.55,3684400434.80,34474524.09,649462235.51,41509.27,2856913634.09,738815056.74,53218271.76,65583.40,64440.07,184975.12,150914848.53,16503879.91,51142314.55,41506694.89,137966.31,2840966.74,5416.22,3340251.52,2070842.49,31002478.96,71572426.96,2079507227.81,525893957.31,18919684.34,50198728.06
1708560000000,2024-02-22,Total Asset Value (Dollar),750022.72,152085185.38,21166976.16,28905470149.82,100231062490.53,604933842.38,7321817.61,,32618541.27,1307860.04,12059391.53,134309852.58,,4030354649.55,3657469883.39,34465380.23,649462235.51,41634.00,3107825285.59,738710014.90,21055235.76,65580.01,64569.43,185140.06,150542848.29,16500749.41,51171379.87,41562493.04,138107.26,2835653.62,5421.05,3343260.56,2070735.27,30931977.13,71636248.09,2077725168.76,524750244.83,18917185.64,49937509.49
1708646400000,2024-02-23,Total Asset Value (Dollar),750022.72,152105248.79,21177425.81,29005021141.23,101231253094.63,604933842.38,7324860.82,,32608160.98,1308979.75,12064874.87,134370922.55,,4000992427.55,3677052235.80,34440573.90,649462235.51,41594.12,3306729237.09,738446304.86,37104158.62,65639.84,64636.43,186306.78,150185165.57,16516576.38,49652567.59,41564169.43,138373.22,2820287.27,5423.51,3355978.12,2072624.50,30875426.70,71668820.71,2089247809.01,528304826.28,18858650.68,51213593.20
1708732800000,2024-02-24,Total Asset Value (Dollar),750022.72,152125312.21,21149214.34,29010589771.14,101231423395.04,604933842.38,7326563.72,,32604375.98,1309503.33,12069700.65,134424669.08,,4000992427.55,3695294901.40,34451115.22,649462235.51,41550.34,3306729237.09,738507352.02,37246710.72,65650.14,64548.58,186381.30,149788588.98,16511132.78,48729857.61,41565324.01,138539.98,2802494.22,5425.68,3354827.45,2072949.91,30875037.78,71697487.26,2104986913.81,529561898.62,18297922.25,51148319.94
1708819200000,2024-02-25,Total Asset Value (Dollar),750022.72,152145375.62,21203700.86,29046279217.37,101231519795.00,604933842.38,7329263.60,,32604376.16,1309794.74,12072386.60,134454583.43,,4000992427.55,3697317390.41,34449417.54,649462235.51,41552.07,3306729237.09,738500543.78,37246710.72,65650.16,64548.61,186422.78,148668956.26,16511132.78,48572855.14,41640961.34,138539.95,2802569.02,5426.89,3354827.45,2072950.59,30802757.34,71713442.54,2106265735.66,534458819.39,18355981.80,52001243.84
1708905600000,2024-02-26,Total Asset Value (Dollar),900012.72,152165439.04,21135878.65,29338735155.30,101231000150.26,604933842.39,7353152.47,,32604950.89,1248178.19,12057953.82,134293840.34,,4000992427.55,3714261356.72,34442142.10,649462235.51,41537.59,3306729237.09,738493540.33,45119321.55,65696.30,64503.58,186199.91,147341754.45,16507911.19,48114381.45,45632174.19,138470.39,2803286.01,5420.40,3355300.19,2074407.45,30781080.70,71627707.71,2096971259.22,533687158.65,18285610.25,52313198.17
1708992000000,2024-02-27,Total Asset Value (Dollar),864301.72,152185502.45,21204199.51,29347841483.69,101232254324.61,596944167.39,6917158.42,,32598664.28,1240824.22,12092937.97,134683471.66,,4000992427.55,3684239781.81,34436564.55,649462235.51,41594.99,3306729237.09,738092546.18,53101454.01,65441.53,64536.86,186740.14,146693017.67,16496994.35,49031858.62,45699699.06,138608.96,2811000.38,5436.13,3345488.36,2066362.95,30717814.04,71835523.64,2112829831.52,540202418.34,19195388.26,52435379.93
1709078400000,2024-02-28,Total Asset Value (Dollar),864301.72,152205565.87,21245515.72,29455366892.99,101231893533.96,596944167.39,5939682.59,,32603922.87,1239798.44,12082940.91,134572130.70,95072857.35,4000992427.55,3599697781.19,34429885.59,649462235.51,40506.89,3305539237.09,737891392.40,61095691.82,65488.23,64395.46,186585.76,144734708.07,16500365.20,47719456.87,45821260.74,138576.00,2837511.91,5431.63,3341636.38,2067837.28,30151739.86,71776138.20,2123703682.19,544161752.29,19231730.45,54460428.41
1709164800000,2024-02-29,Total Asset Value (Dollar),864301.72,152225629.28,21290120.43,29531078309.78,101231762808.39,591990508.25,5548198.52,,32591236.68,1239429.07,12079341.08,134532038.02,96584298.89,4000992427.55,3626365452.14,34428402.27,649462235.51,40518.69,3292039237.09,736000966.47,51545146.93,64987.59,64180.89,186530.17,143946704.25,19891983.02,45385980.99,45956966.85,138356.15,2817732.95,5430.01,3329004.79,2052029.33,30165944.28,71754754.15,2135970976.91,546508920.24,19238806.65,54196097.48
1709251200000,2024-03-01,Total Asset Value (Dollar),864301.72,152245692.70,21226032.12,29771022160.82,101245451437.82,552010805.23,6551571.10,,32643765.52,1224664.03,12042573.72,134122546.54,96716164.78,4000992427.55,3464210906.83,35178485.75,649462235.51,40254.31,3252537340.09,735308621.03,59404601.73,65045.01,64207.26,185962.41,142746640.46,19894081.17,45964838.30,45959202.53,137977.31,2816259.20,5413.49,3329646.45,2053842.40,30120963.84,71536345.50,2136680670.26,545953862.21,19283630.62,55152700.91
1709337600000,2024-03-02,Total Asset Value (Dollar),864301.72,152265756.12,21282638.03,29758000377.94,101246994795.98,552010805.23,6560387.96,,32639937.10,1229026.43,12085470.83,134600307.28,96985725.35,4000992427.55,3405616080.12,39424667.84,649462235.51,40289.51,3252537340.09,735395218.34,59224969.88,65327.35,64237.58,186624.83,142207783.62,19915363.47,46664203.71,45959041.39,138288.50,2825618.95,5432.77,3330480.97,2062757.44,30113836.41,71791166.62,2168105209.68,547478332.28,19798109.33,54171081.56
1709424000000,2024-03-03,Total Asset Value (Dollar),864301.72,152285819.53,21318528.34,29732340178.39,102447001189.91,552010805.23,6603688.68,,32639937.10,1229044.56,12085649.15,134602293.30,96985725.35,4000992427.55,3421947818.04,39422667.84,649462235.51,40291.92,3252537340.09,735606756.15,59224969.88,65327.39,64237.58,403507.78,141596522.96,19915364.49,47425207.32,45961156.52,138292.12,2825618.95,5432.85,3330482.56,2062758.69,31021176.77,71792225.90,2170605187.42,550212159.32,19785030.46,55372916.25
1709510400000,2024-03-04,Total Asset Value (Dollar),864301.72,152305882.95,21081119.04,29573220583.00,103446909296.51,522010805.23,6621599.88,,32639053.66,1217946.78,12083186.10,134574861.47,97713749.93,4000992427.55,3388027333.72,39413574.04,649462235.51,40303.23,3212537239.09,735897438.90,67156456.73,65323.45,64299.30,782888.55,141326046.94,19923305.52,47192454.04,46027232.34,138345.88,2825892.57,5431.74,3330958.47,2062634.47,31771253.99,71777594.70,2180689362.38,555515488.65,19613915.76,55754114.94
1709596800000,2024-03-05,Total Asset Value (Dollar),864301.72,152325946.36,20376493.59,29466643574.10,103447427601.67,511913181.19,6629042.06,,32609094.74,1219397.06,12097574.29,134735108.05,97946896.91,4000992427.55,3209432457.36,39405277.73,649462235.51,40220.76,3132073860.72,735466418.65,74709270.35,65117.17,64188.97,783820.78,139204089.85,19928966.29,51579714.95,46180679.37,138670.58,2830360.33,5438.21,3320530.16,2056120.83,31144040.40,71863064.71,2201551739.70,556308280.57,19630548.15,55444620.92
1709683200000,2024-03-06,Total Asset Value (Dollar),864301.72,152346009.78,20378689.92,29811300529.79,103447473552.11,511913181.19,6631597.98,,32647902.97,1219528.50,12098878.26,134749630.79,97999895.51,4000992427.55,3394835439.55,39398069.78,649462235.51,40299.77,3098764893.72,736133372.19,90174339.65,65097.70,64119.00,783905.27,138297028.59,19935874.36,48136139.12,46270156.69,138829.25,2823377.57,5438.80,4272743.66,2055506.08,31036320.08,71870810.64,2242525020.23,563041008.56,19820296.14,56568033.57
1709769600000,2024-03-07,Total Asset Value (Dollar),864301.72,152366073.19,20349454.75,30010774203.25,103449204028.66,511913181.19,6613403.10,,32718216.89,1224366.90,12146879.77,135284241.21,98079840.16,4000992427.55,3227819874.19,39392887.40,649462235.51,40364.65,3155757790.62,735743941.90,97758428.33,65710.45,64489.50,787015.36,138020439.91,20002889.49,45922704.40,46273290.13,139167.81,2831104.40,5460.37,4294157.35,2074854.08,32188508.98,72155953.42,2277331566.40,564371241.49,19487195.28,57183668.38
1709856000000,2024-03-08,Total Asset Value (Dollar),864301.72,152386136.61,20447363.90,30574512947.79,104451281495.96,511913181.19,6648359.89,,32697051.50,1230175.90,12204510.57,135926096.45,98329120.54,4000992427.55,3182053005.07,39393897.78,649462235.51,40583.17,3291239552.52,735627542.84,113002446.26,66262.12,64773.18,790749.35,136886284.88,20084349.63,45939518.71,46278378.16,140018.64,2836687.83,5486.28,4305014.17,2092273.68,32340875.16,72826871.44,2300296990.46,565886960.71,19519780.52,57314906.69
1709942400000,2024-03-09,Total Asset Value (Dollar),864301.72,152406200.03,20422649.42,30614669630.84,106450748614.94,511913181.19,6648359.89,,32773293.19,1228672.82,12189598.56,135760015.94,98528384.52,4000992427.55,3189518934.20,39385637.87,649462235.51,40566.71,3291239552.52,735521765.43,113166619.83,66372.08,64562.75,789783.18,134476406.99,20100535.02,46696863.94,46279382.53,140511.87,2810887.50,5479.58,4326762.32,2095745.50,32686355.56,72737888.35,2301148494.53,569310178.50,19460536.46,57885161.09
1710028800000,2024-03-10,Total Asset Value (Dollar),864301.72,152426263.44,20386217.21,30997700769.00,106450914614.97,511913181.19,6658086.13,,32773293.16,1229139.02,12194223.74,135811528.21,98528384.52,4000992427.55,3268167079.07,39372974.89,649462235.51,40567.61,3291239552.52,735470892.19,113166619.83,66372.18,64561.01,790082.85,133623667.22,20100534.34,45975068.53,46282112.77,140512.01,2810846.12,5481.66,4326753.38,2095748.86,32646851.75,72765487.74,2282825565.37,571750565.28,19287537.08,57945973.74
1710115200000,2024-03-11,Total Asset Value (Dollar),864301.72,152446326.86,20395545.17,31306150194.15,106450996571.24,509640868.89,5661255.69,,32801626.54,1229362.57,12196441.59,135836229.27,98083555.94,4000992427.55,3227297009.91,39363986.96,649462235.51,40574.83,3241239552.52,735454351.95,128366112.84,66298.46,64633.55,790226.55,135815787.91,20110587.16,48802977.70,46309610.54,140485.38,2810511.50,5482.65,4326105.24,2093420.90,32718359.75,72778722.15,2332989624.99,571130746.43,19171825.88,57994640.21
1710201600000,2024-03-12,Total Asset Value (Dollar),864301.72,152466390.27,20099528.02,31228942756.36,106450514269.25,495672092.96,5651250.69,,32804293.26,1227958.35,12182510.34,135681071.84,96238473.85,4000992427.55,3195499245.58,39360064.72,649462235.51,40583.45,3080239552.52,734223324.09,53780314.86,66192.34,64654.09,789323.92,136496474.94,20127221.84,49335119.34,46305540.38,140082.06,2811734.30,5476.39,4330272.19,2090070.12,33059011.54,72695536.80,2353045738.77,573751879.18,19277454.49,58726634.57
1710288000000,2024-03-13,Total Asset Value (Dollar),864301.72,152486453.69,20114413.31,31511540021.61,106450354553.13,485672896.96,5722631.51,,32873457.04,1168309.73,12178286.39,135634028.11,96277626.65,4000992427.55,3213227969.12,39360064.72,649462235.51,40579.89,2930239552.52,734123006.03,69090794.89,66127.17,64581.66,789050.24,134706946.57,20097590.86,49072704.32,46307097.23,139842.22,2816825.84,5474.49,4323319.42,2088012.36,33223421.73,72670331.60,2362922025.37,576547713.50,19291310.60,58997753.51
1710374400000,2024-03-14,Total Asset Value (Dollar),857301.72,152506664.63,19827785.44,31364372316.23,106451399329.22,478674996.96,5753514.81,,32871658.77,1171088.53,12207252.24,135956631.43,94658587.59,4000992427.55,3189842822.77,39343716.16,649462235.51,40534.09,3011229241.72,733677944.26,76987221.28,66325.66,64710.51,790926.99,133893681.88,20101455.61,48264389.97,46298212.12,139890.93,2816391.40,5487.51,4321067.33,2094279.70,33652037.86,72843176.79,2380880220.75,579666433.67,19415194.66,56383376.17
1710460800000,2024-03-15,Total Asset Value (Dollar),857301.72,154526875.57,19546913.13,31728468082.06,106448583789.14,463675996.96,5836853.22,,32805818.28,1163608.53,12129281.82,135088246.35,93076486.40,4000992427.55,3269310474.28,39335874.43,649462235.51,40268.04,3010229241.72,733312832.11,84568789.71,65838.12,64368.11,894706.76,133256445.26,20036540.95,47024953.68,46299514.51,139282.96,2803158.04,5452.46,4310139.91,2078885.37,34827236.04,61494751.31,2391452709.90,577336645.81,19572260.58,57656858.28
1710547200000,2024-03-16,Total Asset Value (Dollar),857301.72,154547353.79,19631893.57,31809701633.31,106449162975.72,463675996.96,5841714.52,,32737771.86,1165164.19,12145497.80,135268849.60,93076486.40,4000992427.55,3256191722.06,39335725.71,649462235.51,40280.73,3010229241.72,733112314.37,84721981.91,65663.54,64367.73,895902.92,132612420.91,20018036.30,47187247.26,46283243.97,139187.50,2802036.15,5459.75,4307263.50,2073372.98,35131487.01,61576965.36,2393425427.38,581765346.10,19297473.00,59001815.82
1710633600000,2024-03-17,Total Asset Value (Dollar),857301.72,154567832.02,19642358.69,31746451291.66,106449153375.53,463675996.96,5843473.30,,32737771.86,1165138.53,12145230.32,135265870.57,92121560.52,4000992427.55,3222052119.86,39334989.86,649462235.51,40281.74,3010229241.72,732989148.51,84721734.85,65663.54,64367.73,895883.19,132893335.16,20018037.07,47026657.17,46284720.84,139180.27,2802036.15,5459.63,4307273.60,2073372.98,35020613.79,61575609.25,2409632815.72,591492499.10,19860362.77,59931176.22
1710720000000,2024-03-18,Total Asset Value (Dollar),847301.72,154588310.24,19622265.83,32070647904.19,106448561112.35,452635184.00,5860074.88,,32744249.26,1163559.35,12128769.15,135082536.56,92218706.64,4000992427.55,3232921229.29,39327383.57,649462235.51,40298.83,2997429241.72,732897725.12,107517837.79,229761.87,64327.57,894668.94,131669726.20,20009313.21,47031833.70,46276903.68,139126.42,2802463.06,5452.23,4306393.80,2072061.85,35328671.49,61492152.11,2414202809.32,591805238.69,19573334.83,60749243.26
1710806400000,2024-03-19,Total Asset Value (Dollar),847301.72,155608788.46,19605821.84,31951640130.43,107448187172.29,452635184.00,5892057.16,,32726679.08,1162584.25,12118604.91,134969333.70,91057366.31,4000992427.55,3233838578.72,39332022.59,649462235.51,40118.88,2890998582.72,732356806.39,130589097.86,256692.22,64379.61,785183.39,131580295.09,19990398.12,46593640.90,46278881.29,139071.70,2782885.26,5447.66,4279930.27,2071925.09,35164518.03,61440620.00,2419808512.18,599823448.36,19587065.67,63952973.91
1710892800000,2024-03-20,Total Asset Value (Dollar),847301.72,155629400.26,19940757.56,32080928342.03,107447678762.57,452635184.00,5895587.35,,33285268.67,1161236.01,12104551.07,134812810.89,90090767.27,4000992427.55,3221693080.36,39326086.43,649462235.51,40059.67,2737498581.72,732269351.07,82155699.62,255307.28,64169.60,784272.82,129626992.48,19937481.79,43836494.95,46280603.96,138946.36,2782544.36,5441.35,4280789.84,2060746.37,36051500.95,61369367.83,2422865919.71,606157866.44,19451467.56,64601573.71
1710979200000,2024-03-21,Total Asset Value (Dollar),847301.72,155650012.05,20070566.53,32588824712.42,107450714348.34,447669402.42,5907325.60,,33333052.04,1140603.24,12188729.25,135750334.12,89242661.11,4000992425.55,3200982582.70,39325386.43,649462235.51,40203.10,2682498580.72,732262133.80,89791758.53,258227.00,64666.25,789726.85,129101386.64,19992874.34,43494693.79,46279696.09,140089.65,2818394.75,5479.19,4286781.39,2084313.30,36442669.32,61796146.32,2423958115.26,622711726.94,19454906.29,65504815.99
1711065600000,2024-03-22,Total Asset Value (Dollar),847301.72,155670623.84,19738660.69,32808227433.33,107447729461.07,447669402.42,5911315.09,,33582838.26,1132862.59,12106011.06,134829071.39,87746524.72,4000992425.55,3217359661.11,39315386.43,649462235.51,39664.29,2622415529.72,731982830.33,21099205.78,257265.29,64418.00,784367.41,125173103.87,19926650.84,43613464.71,46280290.83,138617.76,2813542.52,5442.00,4286820.59,2076550.69,36620878.78,61376769.92,2422437497.36,630556801.46,19450600.02,67975712.85
1711152000000,2024-03-23,Total Asset Value (Dollar),847301.72,155691235.64,19738624.34,32829430340.74,107447684196.34,447669402.42,5928904.73,,33602284.54,1132860.51,12105988.77,134828823.14,87746524.72,4000992425.55,3245174169.16,39297766.49,649462235.51,39666.70,2622415529.72,732160209.26,21191439.57,255061.38,64012.35,784365.97,124674423.41,19849572.40,43698582.08,46280598.86,137957.40,2798712.97,5441.99,4259940.82,2058761.57,37231603.00,61376656.91,2424485894.03,642033885.07,19431360.88,68632392.47
1711238400000,2024-03-24,Total Asset Value (Dollar),847301.72,155711847.43,19692013.81,32820348543.02,107446658193.01,447669402.42,5928340.19,,33602284.54,1130185.38,12077401.84,134510440.10,87746524.72,4000992425.55,3258196717.18,39291392.32,649462235.51,39664.36,2622415529.72,732153165.00,29000116.41,255061.38,64013.89,782513.78,124624190.94,19849572.72,43379587.47,46281616.52,137961.07,2798731.24,5429.14,4259945.11,2058761.57,37028606.04,61231722.87,2424179890.34,643818862.59,19489948.74,70214994.41
1711324800000,2024-03-25,Total Asset Value (Dollar),847301.72,155732459.22,19557758.92,33045316196.81,107495543602.06,428680783.73,5730877.85,,33614371.49,1127291.25,12046474.47,134165990.62,87238198.25,4000992425.55,3238774686.95,39290620.88,649462235.51,39663.57,2621415429.72,732196869.51,36645180.47,242673.41,64025.72,780509.94,124303568.68,19838673.56,44114580.93,46284137.44,137922.92,2799453.36,5415.24,4260253.95,2059062.54,37708330.70,61074922.88,2426435278.13,645952511.83,19464371.75,72067456.01
1711411200000,2024-03-26,Total Asset Value (Dollar),847301.72,155953071.02,19637489.80,33091505361.01,107496732792.03,420982075.73,5737343.31,,33607171.50,1130325.14,12078895.28,134527072.98,85566088.79,4000992425.55,3243870446.94,39273268.42,649462235.51,39581.47,2626707778.72,732074779.80,44399557.84,243509.93,64147.71,782610.54,124458267.77,19892497.38,45272284.19,46291245.35,138345.69,2814805.88,5429.81,4261017.50,4027704.86,37675845.64,61239294.47,2427326531.34,658893005.77,19746068.73,74370757.52
1711497600000,2024-03-27,Total Asset Value (Dollar),847301.72,155973682.81,19577222.91,32895867535.69,107566521384.73,420982076.73,5738780.95,,33591444.28,1129752.57,12072776.67,134458927.84,83245547.08,4000992425.55,3198754360.76,39273168.42,649462235.51,39399.93,2566046921.73,731877252.35,44343638.07,243451.52,64149.54,782214.10,124249480.75,19897707.04,45757666.98,46292639.98,138232.70,2812826.30,5427.06,4255158.26,2719356.00,38269086.19,61208273.50,2426420311.02,669432689.42,19317782.12,74309734.24
1711584000000,2024-03-28,Total Asset Value (Dollar),847301.72,155994294.60,19555985.57,33251038557.55,107565748729.82,420982077.73,5742296.31,,33614921.32,1127747.01,12051344.84,134220233.66,82064117.15,4000992425.55,3207346332.10,41262395.83,649462235.51,39317.01,2549846920.74,731822391.25,51958158.36,242944.06,64144.61,888957.80,123757962.53,19848667.60,45830774.65,46294172.36,138132.86,2804431.19,5417.43,3546740.95,5975331.54,38734370.67,61099615.35,2445220406.57,675412168.75,18585696.82,75134491.76
1711670400000,2024-03-29,Total Asset Value (Dollar),847748.72,156014906.40,19472866.69,33284572366.05,107564887306.63,420982077.73,5746981.04,,33600018.44,1125517.22,12027516.82,133954852.40,80635355.27,4000992425.55,3230501336.30,41254693.51,649462235.51,39504.65,2549846920.74,731864973.59,29715871.40,242643.00,64373.44,887200.15,125036909.26,19831249.19,45544210.99,46295381.19,138190.86,2791281.90,5406.72,3547161.39,5967926.96,38722458.18,60978808.72,2438511376.66,689252523.55,18590878.85,75381383.84
1711756800000,2024-03-30,Total Asset Value (Dollar),847748.72,156035518.19,19300328.20,33289750489.50,107564935146.71,420982077.73,5750880.56,,33610981.60,1125622.55,12028642.47,133967389.12,80635355.27,4000992425.55,3240466248.18,41227980.62,649462235.51,39482.79,2549846920.74,731886995.85,29796582.46,242784.52,64403.24,887283.18,124859641.03,19839415.05,45452333.37,46296500.82,138214.97,2791458.14,5407.22,3548356.04,5971407.65,38736379.55,60984515.68,2439694763.81,700693565.78,19029487.59,76889953.42
1711843200000,2024-03-31,Total Asset Value (Dollar),847748.72,151945205.60,19307731.56,33378703676.08,107565098884.75,420982077.73,5758372.54,2512611.70,34143781.30,1126054.33,12033256.50,134018777.26,80635355.27,4000992425.50,3231338261.86,41244676.39,649462235.51,39482.69,2549846920.74,731328906.92,37522547.35,1513250.05,72820.40,887623.53,124415368.85,19837357.02,44819917.76,46297605.57,138214.99,2791458.14,5409.30,3548357.93,5971371.32,38618827.72,61007908.54,2438735031.06,701110123.30,19167407.67,77086647.15
1711929600000,2024-04-01,Total Asset Value (Dollar),847748.72,156076741.78,19330900.72,33446492671.97,107564978157.84,420982077.73,5761237.82,2522311.41,34139221.68,1125718.50,12029667.81,133978808.70,79631439.70,4000992425.50,3236531580.13,41122404.51,649462235.51,39475.13,2567540420.74,729395692.20,37440655.81,1516905.57,72866.28,887358.81,123898312.26,19865938.29,44173010.19,46298897.86,138349.19,2791745.74,5407.68,3549231.51,5985796.23,38544690.97,60989714.09,2460789456.55,717674742.82,19174726.13,77588788.78
1712016000000,2024-04-02,Total Asset Value (Dollar),847748.72,81800970.52,19234563.21,33861107543.47,108712712165.45,408931950.23,6871986.43,2494301.93,34118795.31,1221893.43,11966910.32,133279855.54,79148889.70,4000992424.98,3270805066.03,45230440.55,649462235.51,39340.80,2520040419.75,728467433.04,37627455.66,1589625.32,72587.76,882729.56,122579723.25,19791367.36,42936140.45,46300539.02,137358.74,2769480.14,5379.47,3534447.48,2050191.19,38498547.35,60671537.25,2461697535.73,730371518.44,19216305.16,76647876.15
1712102400000,2024-04-03,Total Asset Value (Dollar),847748.72,81811677.07,19267160.24,33853757211.94,109713944959.64,408931950.23,6875651.64,2497096.71,34123814.76,1225376.76,12001025.16,133659805.04,78704663.89,4000992424.98,3261044032.58,45230440.55,649462235.51,39221.11,2510340559.75,725344543.52,53447008.39,1507279.34,72637.88,885246.01,121169337.97,19808350.54,42864678.06,46302012.35,137681.03,2763430.79,5394.81,3532440.01,5966653.18,38419241.26,60844497.53,2451016652.88,728212392.46,19210641.99,75945804.16
1712188800000,2024-04-04,Total Asset Value (Dollar),847748.72,81822383.63,18824791.71,33926711821.60,109716756422.70,408931950.23,6702780.20,2506181.64,34120238.62,1194855.21,12079151.61,134529927.88,79033632.69,4000992424.98,3271485700.59,45229914.18,649462235.51,39432.37,2878589219.75,725887514.50,53650307.59,1669855.78,72861.95,891008.95,120970623.80,19860285.64,43548056.17,46303319.86,138517.61,2777502.42,5429.93,3534160.41,6017097.62,38328667.44,61240594.07,2451823023.92,744179503.66,18987382.37,76411012.26
1712275200000,2024-04-05,Total Asset Value (Dollar),847748.72,81833090.18,18914658.66,33821422422.29,110716689062.34,410114888.53,6710236.34,2540108.44,34145675.91,1194677.71,12077357.26,134509943.60,79211482.71,4000992424.98,3270286464.68,45203311.80,649462235.51,39488.54,3524419341.68,729428988.97,53626806.90,1674144.75,72737.19,890876.59,120757488.39,19849532.13,43377803.74,46304316.37,138356.48,2767345.14,5429.12,3540508.64,6032552.34,38317537.88,61231496.85,2453089002.05,757397180.64,19128481.71,75859097.56
1712361600000,2024-04-06,Total Asset Value (Dollar),847748.72,81843796.73,18927382.97,33853960523.86,110716993351.92,410114888.53,6512752.72,2567321.66,34116465.23,1195481.40,12085481.97,134600431.41,79211482.71,4000992424.98,3270990218.47,45196814.10,649462235.51,39483.67,3524419341.68,729615562.80,53474859.48,1672604.76,72505.68,891475.90,116973583.75,19845314.81,43274158.69,46305080.31,138365.75,2763212.45,5432.77,3547949.94,6027003.18,38242531.75,61272688.63,2457603523.38,757620013.48,19213720.23,76254051.53
1712448000000,2024-04-07,Total Asset Value (Dollar),847748.72,81854503.29,18763571.78,33861214889.76,110716886546.29,410114888.53,6516879.40,2575463.88,34116465.17,1195187.05,12082506.25,134567289.78,79211482.71,4000992424.98,3282595682.06,45199134.85,649462235.51,39481.00,3524419341.68,729822229.94,53474859.48,1672604.73,72503.90,891256.40,117577432.16,19845314.52,41838235.13,46305901.50,138361.90,2763232.43,5431.44,3547955.54,6027003.08,38216703.69,61257601.93,2457922184.22,771427780.18,19149658.20,76231540.10
1712534400000,2024-04-08,Total Asset Value (Dollar),847748.72,81865209.84,18668954.46,33643149777.01,110716471219.04,410114888.53,6017335.67,2610789.25,34064716.72,1194061.44,12071127.21,134440557.20,72509549.02,4000992424.98,3278284146.60,44913320.76,649462235.51,39420.21,3510525471.69,729451093.11,31304947.99,1438486.35,72422.72,890417.03,117455578.68,19840349.09,42005099.69,46375776.19,138205.68,2766928.46,5426.32,3547656.19,6017614.00,38560676.68,61199910.83,2462512727.01,771127125.15,18822855.21,75266853.80
1712620800000,2024-04-09,Total Asset Value (Dollar),847748.72,81875916.40,18732587.40,33306989365.68,110717729552.02,410591169.85,5531228.58,2658143.21,34047189.32,1197479.04,12105676.71,134825347.61,71923201.77,4000992424.98,3225293179.75,46191797.27,649434270.52,39337.20,3369025456.70,729378316.62,46712723.77,1156107.55,72606.02,892965.55,117087774.57,19868749.03,42680692.31,46377098.19,138576.62,2785866.37,5441.85,3543955.90,6050548.51,38507298.01,61375074.78,2488006026.51,773170830.54,19006502.50,75549515.24
1712707200000,2024-04-10,Total Asset Value (Dollar),847748.72,81886622.95,18572260.16,33202986238.15,110717602307.59,402602308.39,5534620.14,2659078.87,34053221.62,1197130.67,12102154.89,134786123.82,70479614.87,4000992424.98,3240938371.76,47180844.57,649434270.52,39428.14,3298025456.70,725332754.24,46587750.15,1164228.05,72594.50,892705.76,116493247.81,19906700.78,43798030.70,46378136.67,151532.41,2794894.66,5440.27,3546327.22,6071768.88,38497760.82,61357219.36,2491559088.00,783681405.42,19132507.58,76168723.19
1712793600000,2024-04-11,Total Asset Value (Dollar),847748.72,81897329.50,18196799.40,33243475785.49,110712878621.54,402602308.39,5532048.76,2659728.78,33939927.70,1184186.80,11971301.45,133328761.16,69937989.03,4000992424.98,3248242095.71,47167042.28,649434270.52,38990.45,3329010956.70,725334400.77,46521333.60,1162937.15,71980.38,883053.46,116646163.83,19771077.98,43685656.84,46379075.67,149845.09,2762658.07,5381.45,3531326.46,5960994.53,38417131.05,60693800.03,2490162330.61,788099503.74,21093886.38,76168533.62
1712880000000,2024-04-12,Total Asset Value (Dollar),847748.72,81897329.50,18275983.25,32956680854.91,110712298295.43,402602308.39,5535150.34,2730265.92,33915847.92,1236196.29,11954884.86,133145923.65,69127168.37,4000992424.98,3273157179.82,46888874.33,649434270.52,39131.17,3956563916.69,725334789.73,46302096.12,1160996.24,71986.81,881842.51,114917883.12,19787648.91,42299093.70,46380516.81,150064.96,2749446.84,5374.07,3528131.06,5990543.31,38414567.01,60610568.90,2512769340.04,808134323.88,20994836.03,74293642.21
1712966400000,2024-04-13,Total Asset Value (Dollar),847748.72,81907769.73,18137588.57,33411550551.89,110709615081.82,402602308.39,5537244.63,2706969.04,33907286.47,1228537.11,11880815.19,132320982.65,67884895.11,4000992424.98,3294157479.36,46950150.05,649434270.52,38946.07,3956563916.69,725332057.61,46421753.26,1148893.71,71531.21,876378.82,115060021.14,19666709.20,42132924.79,46382636.40,148848.19,2735470.26,5340.77,3514155.82,5928096.32,38412067.73,60235039.99,2513960687.00,830054762.79,20953567.59,72229227.35
1713052800000,2024-04-14,Total Asset Value (Dollar),847748.72,81907769.73,18091984.70,33307712137.60,110709816681.83,402602308.39,5540270.50,2748871.43,33907286.61,1229117.94,11886432.27,132383542.12,66918245.68,4000992424.98,3315115225.02,47185051.53,649434270.52,38947.20,3956563916.69,725332019.73,46421753.26,1148890.04,71531.21,876793.16,114151524.64,19666709.20,41526081.30,46383367.65,148848.18,2735470.26,5343.30,3514155.82,5928077.41,38318595.32,60263518.26,2519754198.58,841567083.18,19924781.00,69069023.30
1713139200000,2024-04-15,Total Asset Value (Dollar),847748.72,81907769.73,18041774.96,33408275844.64,110759155330.17,402602308.39,5543216.81,2770806.50,33806239.13,1216550.50,11867875.84,132176872.43,64638672.75,4000992424.98,3266616467.03,47157765.79,649434270.52,38963.74,3978351797.68,725332019.61,69501802.34,1215844.12,71610.86,875424.36,113903168.92,19678912.57,43534592.29,46384245.43,148939.06,2735488.07,5334.95,3513970.25,5931204.50,38219084.15,60169438.27,2534956357.03,843278925.95,19610891.71,69834771.15
1713225600000,2024-04-16,Total Asset Value (Dollar),846248.72,81907769.73,17901633.68,33573658746.48,111758246981.41,413165462.23,5537847.77,2785241.95,33720455.71,1213968.57,11842688.14,131896347.81,64114767.34,4000992424.98,3285141434.54,47159466.23,649434270.52,39047.77,3912080388.68,725332020.09,92585797.97,974471.98,71468.52,873566.41,115593382.05,19640866.31,42541263.14,46384936.45,148774.29,2700009.64,5323.63,3516766.22,2035842.88,38013447.59,60041738.10,2522271356.61,847614329.05,19779710.51,70966593.74
1713312000000,2024-04-17,Total Asset Value (Dollar),846248.72,81907769.73,24266035.00,33539727479.69,111758012306.63,408168215.24,5541241.68,2776392.20,33674221.41,1213369.92,11836848.17,131831305.82,64614136.82,4000992424.98,3258631432.03,47107264.07,649434270.52,39016.58,3748828539.11,725332019.76,40530234.17,970200.85,71302.60,873135.63,115506390.32,19614220.84,43724666.33,46385893.55,148581.17,2648037.93,5321.01,3459424.48,2026316.90,38054965.83,60012129.74,2523350292.14,848033110.49,19757565.32,71488164.96
1713398400000,2024-04-18,Total Asset Value (Dollar),846248.72,81970411.13,23814936.62,34037091501.55,111759978116.99,408168215.24,5546641.55,2799107.97,33228311.54,1218925.66,11891046.30,132434930.26,63981284.39,4000992424.98,3236496615.24,47125278.84,649434270.52,39099.58,3673766597.11,725332019.75,55964522.26,974247.65,71543.68,877133.51,112154524.78,19674863.07,42302126.54,46386580.36,148849.59,2674920.71,5345.37,3466906.16,2034768.84,38002023.98,60286911.12,2524841205.70,863119590.48,19275163.09,72145058.84
1713484800000,2024-04-19,Total Asset Value (Dollar),846248.72,81980851.36,23801877.86,34875596831.97,112758936167.60,408168215.24,5547280.83,2805928.12,33207045.49,1279849.35,11862381.36,132115678.35,63629487.10,4000992424.98,3234509720.84,47125684.08,649434270.52,39021.16,3588766587.11,725332019.68,63492995.20,986880.72,71551.04,875019.06,111994808.19,21779640.13,42093134.89,46387242.39,148638.96,2670345.81,5332.48,3473968.68,2029669.19,37914830.88,60141581.55,2545159342.89,863394094.44,19472483.67,72642175.57
1713571200000,2024-04-20,Total Asset Value (Dollar),846248.72,81991291.59,23844244.84,34935037713.74,112759675076.51,408168215.24,5549611.21,2805863.83,33203770.90,1282075.09,11883010.75,132345435.46,63708407.55,4000992424.98,3236988216.30,46962310.70,649434270.52,39112.84,3588766587.11,725332019.68,63610869.98,985974.68,71644.42,876540.77,111954206.75,21788551.50,41653992.90,46387556.32,147870.52,2689963.11,5341.76,3469991.61,2027805.78,38320530.89,60246171.38,2546937841.51,878311710.75,19101779.33,73511582.68
1713657600000,2024-04-21,Total Asset Value (Dollar),846248.72,50562539.82,23846570.63,34924483566.36,112759716676.37,408168215.24,5550250.97,2804885.09,33203620.90,1282200.14,11884169.84,132358344.56,63708407.55,4000992424.98,3240302444.00,47108880.42,649434270.52,39112.81,3588766587.11,725332019.68,63610869.98,985974.67,71644.43,876626.27,111963452.73,21788551.50,41173539.71,46388089.42,147870.55,2690031.51,5342.28,3469991.61,2027805.75,38344790.23,60252047.85,2521848725.68,879487123.98,19026735.51,73737777.25
1713744000000,2024-04-22,Total Asset Value (Dollar),846248.72,50568799.15,23677702.16,34797787963.33,112759539368.88,412197479.24,5548863.79,2832210.09,33203439.86,1281673.47,11879288.33,132303977.40,62808851.13,4000992424.98,3244983014.61,49098599.78,649434270.52,39077.67,3740893850.11,725332019.68,86370889.46,1096590.85,71714.64,876266.19,112056703.79,21791165.13,42347529.31,46388732.68,131737.93,2688326.90,5340.08,3469543.12,2030256.82,38344990.38,60227298.88,2522480247.57,876742018.21,18905853.13,74542811.37
1713830400000,2024-04-23,Total Asset Value (Dollar),846248.72,51575058.48,23678408.48,34649093640.42,112759338287.61,412197479.24,5558120.60,2814685.56,33188304.18,1263185.19,11873749.26,132242286.80,56192950.64,4000992424.98,3250408928.24,49096719.77,649434270.52,39049.60,3881808870.41,725332019.68,15514428.75,1101221.58,71925.87,875857.61,112045804.22,21782822.40,42302558.15,46389453.10,131468.51,2709546.31,5337.59,3467339.15,2038830.28,38301897.16,60199216.14,2528564470.85,881816997.61,18804356.03,74985600.12
1713916800000,2024-04-24,Total Asset Value (Dollar),846248.72,49381317.81,23786800.53,34409264621.87,112761294153.87,412197479.24,5562243.70,2823557.85,33193210.75,1181364.71,11928103.42,132847649.01,52225327.17,4000992424.98,3204837991.85,49029396.99,649434270.52,39051.87,4406775064.91,725332019.68,19942756.31,1107341.36,72123.74,879867.00,112044062.97,21798809.71,41994398.50,46390300.97,132553.86,2727910.42,5362.03,3482418.14,2050160.60,37938945.08,60474788.59,2552404150.62,894378188.63,18675964.12,74780689.26
1714003200000,2024-04-25,Total Asset Value (Dollar),846248.72,49902284.70,23737085.98,34289557260.86,112761117997.93,512197494.24,5565335.59,2850308.55,33146137.20,1167890.07,11923768.02,132799364.02,49119105.43,4000992424.98,3187720670.40,48969949.55,649434270.52,39034.83,4413273464.91,725332019.58,19931551.44,1108863.64,71895.59,879547.20,112049427.37,21786351.97,44203293.68,46390934.19,132613.94,2719995.86,5360.08,3475265.70,2052978.99,37870178.54,60452808.34,2548334282.47,894812461.86,17741168.53,74706311.97
1714089600000,2024-04-26,Total Asset Value (Dollar),796248.72,49908251.58,23824504.09,34389619555.55,112912293748.90,512197494.24,5589992.03,2874613.28,33116333.39,1171080.85,11956344.86,133162184.15,46714262.52,4000992424.98,3209484034.60,48982227.03,649434270.52,39113.63,4418272014.91,725332019.58,27643259.86,1121485.24,72136.38,881950.20,112214445.96,21826787.41,44098017.19,46391426.18,133133.12,2713248.42,5374.72,3477844.86,2060921.98,37661334.87,60617970.99,2563253263.57,895822042.53,17859545.78,74594426.52
1714176000000,2024-04-27,Total Asset Value (Dollar),796248.72,49914218.46,23759213.75,34411912483.23,112911104175.57,521899456.31,5595038.51,2793830.85,32882960.62,1167849.68,11923355.65,132794771.36,46714262.52,4000992424.98,3215547981.90,48943419.07,649434270.52,39032.27,4418272014.91,725332019.58,27668102.94,1123494.64,72059.05,879516.78,111919867.21,21769898.68,44178882.98,46391890.46,132961.98,2736334.61,5359.89,3469623.56,2064614.60,37661554.70,60450717.67,2564309569.97,897978357.62,17747492.64,74563939.53
1714262400000,2024-04-28,Total Asset Value (Dollar),796248.72,49920185.34,23771368.74,34419571218.10,112911237375.59,521899456.31,5597595.43,2828158.56,32882960.62,1168224.10,11927178.39,132837346.56,45758784.25,4000992424.98,3199052422.50,48992643.56,649434270.52,39029.74,4418272014.91,725332019.58,27668102.94,1123494.64,72059.05,879798.76,111694553.54,21769898.68,44241903.62,46423455.95,132958.43,2736334.61,5361.61,3469623.56,2064614.60,37719310.46,60470098.71,2558603946.66,907596337.76,17719839.72,74885880.05
1714348800000,2024-04-29,Total Asset Value (Dollar),796248.72,51826152.22,23831295.33,34243580131.64,112911409310.56,521899456.31,5600056.65,2820932.60,32887534.71,1168692.40,11931959.60,132890596.59,44905800.23,4000992424.98,3196636429.98,49012604.30,649434270.52,39068.05,4317655830.91,725332019.58,20617272.37,1141224.20,72151.77,880151.44,111651212.94,21788848.90,45571740.58,46442509.94,133159.66,2735978.11,5363.76,3474405.02,2067142.49,37722405.27,60494339.14,2556223513.04,909007425.58,17627476.87,75237807.38
1714435200000,2024-04-30,Total Asset Value (Dollar),796248.72,50463046.23,23853601.07,34082249534.57,112911819962.77,547098117.79,5605306.02,2823301.85,33056079.68,1169733.80,11942591.93,133009012.74,44156177.08,4000992424.98,3183551728.76,48998570.03,649434270.52,39194.12,4198504143.92,725332019.58,20678158.44,1231754.58,72093.48,880935.73,111559337.40,21811114.41,45192007.85,46445668.56,133684.56,2735274.30,5368.54,2849937.00,2073220.19,37440684.98,60548244.44,2557341677.52,910729618.81,16841922.87,72926479.74
1714521600000,2024-05-01,Total Asset Value (Dollar),796248.72,51838085.99,23895515.37,33926986969.66,112909825691.11,547108108.79,6019516.00,2823266.16,32929038.73,1164340.14,11887524.48,132395706.47,42919511.15,4000992424.98,3173054676.08,48994200.40,649434270.52,38814.60,4198504143.92,736973739.92,20696553.15,1160530.90,71514.00,876873.72,111559056.12,21729080.02,44640361.90,46446215.52,132937.48,2694873.00,5343.79,2848291.81,2046313.16,37414321.86,60269055.70,2560635802.58,911404817.64,15703370.03,72433750.68
1714608000000,2024-05-02,Total Asset Value (Dollar),796248.72,51844052.87,23579429.06,34068386971.22,112911921202.06,547108108.79,6022762.19,2828535.70,33119542.70,1164619.38,11945088.41,133036816.95,42911339.11,4000992424.98,3182787855.07,50800985.94,649434270.52,38950.23,3914208824.94,736443881.91,20742739.21,1196217.28,71779.43,881119.88,111207956.58,21807487.89,43584606.72,46446722.92,133428.73,2694812.56,5369.66,2855274.00,2063534.68,37364211.32,60560901.44,2586980743.04,916770200.05,15242951.28,72124472.43